{"cameraMode":{"drawMode":0,"name":"Shaded","section":"Shading Mode"},"sceneLighting":false,"audioPlay":false,"sceneViewState":{"showFog":false,"showMaterialUpdate":false,"showSkybox":false,"showFlares":false,"showImageEffects":false,"showParticleSystems":false},"in2DMode":false,"pivot":{"x":0.6392609477043152,"y":2.403810739517212,"z":0.34546542167663576},"rotation":{"x":0.3107845187187195,"y":0.265201598405838,"z":-0.09074092656373978,"w":0.9082216620445252},"size":4.0525407791137699,"orthographic":false}