{"cameraMode":{"drawMode":0,"name":"Shaded","section":"Shading Mode"},"sceneLighting":true,"audioPlay":false,"sceneViewState":{"showFog":false,"showMaterialUpdate":false,"showSkybox":false,"showFlares":false,"showImageEffects":false,"showParticleSystems":false},"in2DMode":false,"pivot":{"x":0.3187495172023773,"y":3.439342975616455,"z":-1.5276293754577637},"rotation":{"x":0.21880461275577546,"y":0.43605828285217287,"z":-0.11018369346857071,"w":0.8659331202507019},"size":4.941699981689453,"orthographic":false}