{"cameraMode":{"drawMode":0,"name":"Shaded","section":"Shading Mode"},"sceneLighting":false,"audioPlay":false,"sceneViewState":{"showFog":false,"showMaterialUpdate":false,"showSkybox":false,"showFlares":false,"showImageEffects":false,"showParticleSystems":false},"in2DMode":false,"pivot":{"x":-0.0189208984375,"y":1.7724246978759766,"z":0.1907547116279602},"rotation":{"x":0.07425309717655182,"y":-0.8264560103416443,"z":0.11225438117980957,"w":0.5466782450675964},"size":1.6718437671661378,"orthographic":false}