{"cameraMode":{"drawMode":0,"name":"Shaded","section":"Shading Mode"},"sceneLighting":false,"audioPlay":false,"sceneViewState":{"showFog":false,"showMaterialUpdate":false,"showSkybox":false,"showFlares":false,"showImageEffects":false,"showParticleSystems":false},"in2DMode":false,"pivot":{"x":-1.2514996528625489,"y":0.9536311626434326,"z":3.7486557960510256},"rotation":{"x":0.3388109505176544,"y":0.4173319339752197,"z":-0.17125271260738374,"w":0.8256597518920898},"size":1.5263196229934693,"orthographic":false}