{"cameraMode":{"drawMode":0,"name":"Shaded","section":"Shading Mode"},"sceneLighting":false,"audioPlay":false,"sceneViewState":{"showFog":false,"showMaterialUpdate":false,"showSkybox":false,"showFlares":false,"showImageEffects":false,"showParticleSystems":false},"in2DMode":false,"pivot":{"x":0.0013447403907775879,"y":0.9105174541473389,"z":-0.0030624568462371828},"rotation":{"x":-0.02173740603029728,"y":0.9699932932853699,"z":-0.22292457520961762,"w":-0.0945853441953659},"size":1.4298876523971558,"orthographic":false}